Date,Region,Product,Quantity Sold,Unit Price
01-01-2024,North,Laptop,61,1428.54
01-01-2024,North,Smartphone,81,918.05
01-01-2024,North,Headphones,92,194.96
01-01-2024,North,Tablet,84,1305.96
01-01-2024,North,Smartwatch,33,993.79
01-01-2024,South,Laptop,62,1456.37
01-01-2024,South,Smartphone,39,357.89
01-01-2024,South,Headphones,73,1488.71
01-01-2024,South,Tablet,42,491.15
01-01-2024,South,Smartwatch,31,60.25
01-01-2024,East,Laptop,98,472.28
01-01-2024,East,Smartphone,68,629.8
01-01-2024,East,Headphones,69,581.22
01-01-2024,East,Tablet,71,181.38
01-01-2024,East,Smartwatch,71,339.53
01-01-2024,West,Laptop,64,1475.68
01-01-2024,West,Smartphone,12,1296.91
01-01-2024,West,Headphones,16,297.26
01-01-2024,West,Tablet,48,69.23
01-01-2024,West,Smartwatch,98,1450.17
02-01-2024,North,Laptop,18,73.15
02-01-2024,North,Smartphone,11,1042.14
02-01-2024,North,Headphones,69,226.96
02-01-2024,North,Tablet,17,99.86
02-01-2024,North,Smartwatch,87,617.04
02-01-2024,South,Laptop,59,1010.66
02-01-2024,South,Smartphone,11,666.48
02-01-2024,South,Headphones,63,842.73
02-01-2024,South,Tablet,63,95.4
02-01-2024,South,Smartwatch,27,1173.94
02-01-2024,East,Laptop,43,622.97
02-01-2024,East,Smartphone,23,1104.54
02-01-2024,East,Headphones,24,178.31
02-01-2024,East,Tablet,96,805.21
02-01-2024,East,Smartwatch,71,521.73
02-01-2024,West,Laptop,89,1133.61
02-01-2024,West,Smartphone,62,900.79
02-01-2024,West,Headphones,98,457.36
02-01-2024,West,Tablet,50,479.6
02-01-2024,West,Smartwatch,54,158.1
03-01-2024,North,Laptop,80,663.93
03-01-2024,North,Smartphone,10,338.14
03-01-2024,North,Headphones,97,70.42
03-01-2024,North,Tablet,90,1081.45
03-01-2024,North,Smartwatch,44,1168.34
03-01-2024,South,Laptop,14,1393.14
03-01-2024,South,Smartphone,50,1376.69
03-01-2024,South,Headphones,82,953.78
03-01-2024,South,Tablet,43,188.34
03-01-2024,South,Smartwatch,32,1019.82
03-01-2024,East,Laptop,46,1107.93
03-01-2024,East,Smartphone,95,1336.46
03-01-2024,East,Headphones,74,605.24
03-01-2024,East,Tablet,56,1084.2
03-01-2024,East,Smartwatch,10,1096.51
03-01-2024,West,Laptop,23,766
03-01-2024,West,Smartphone,18,1080.46
03-01-2024,West,Headphones,99,86.86
03-01-2024,West,Tablet,86,342.49
03-01-2024,West,Smartwatch,61,866.75
04-01-2024,North,Laptop,13,1365.97
04-01-2024,North,Smartphone,32,926.41
04-01-2024,North,Headphones,24,1145.55
04-01-2024,North,Tablet,45,1417.14
04-01-2024,North,Smartwatch,80,470.14
04-01-2024,South,Laptop,95,1326.68
04-01-2024,South,Smartphone,51,1221.77
04-01-2024,South,Headphones,66,202.97
04-01-2024,South,Tablet,37,1215.32
04-01-2024,South,Smartwatch,53,653.94
04-01-2024,East,Laptop,71,832.05
04-01-2024,East,Smartphone,98,511.11
04-01-2024,East,Headphones,10,380.51
04-01-2024,East,Tablet,71,50.75
04-01-2024,East,Smartwatch,86,1298.06
04-01-2024,West,Laptop,79,790.58
04-01-2024,West,Smartphone,18,753
04-01-2024,West,Headphones,60,440.65
04-01-2024,West,Tablet,33,1417.22
04-01-2024,West,Smartwatch,41,802.25
05-01-2024,North,Laptop,61,577.26
05-01-2024,North,Smartphone,67,1445.55
05-01-2024,North,Headphones,48,771.01
05-01-2024,North,Tablet,65,103.49
05-01-2024,North,Smartwatch,11,778.88
05-01-2024,South,Laptop,63,97.92
05-01-2024,South,Smartphone,10,397.36
05-01-2024,South,Headphones,11,819.86
05-01-2024,South,Tablet,99,1479.19
05-01-2024,South,Smartwatch,41,909.41
05-01-2024,East,Laptop,64,1154.35
05-01-2024,East,Smartphone,26,1105.91
05-01-2024,East,Headphones,33,731.94
05-01-2024,East,Tablet,79,628.3
05-01-2024,East,Smartwatch,25,1261.19
05-01-2024,West,Laptop,68,320.45
05-01-2024,West,Smartphone,12,906.79
05-01-2024,West,Headphones,68,369.35
05-01-2024,West,Tablet,99,792.53
05-01-2024,West,Smartwatch,28,555.57
06-01-2024,North,Laptop,80,302.83
06-01-2024,North,Smartphone,42,626.48
06-01-2024,North,Headphones,48,1408.26
06-01-2024,North,Tablet,10,1029.75
06-01-2024,North,Smartwatch,66,214.54
06-01-2024,South,Laptop,32,835.1
06-01-2024,South,Smartphone,51,424.02
06-01-2024,South,Headphones,25,1234.97
06-01-2024,South,Tablet,69,428.2
06-01-2024,South,Smartwatch,10,185
06-01-2024,East,Laptop,21,859.53
06-01-2024,East,Smartphone,41,968
06-01-2024,East,Headphones,18,454.36
06-01-2024,East,Tablet,28,1102.64
06-01-2024,East,Smartwatch,12,1291.67
06-01-2024,West,Laptop,63,1180.82
06-01-2024,West,Smartphone,33,1283.85
06-01-2024,West,Headphones,81,1188.74
06-01-2024,West,Tablet,93,892
06-01-2024,West,Smartwatch,98,1012.08
07-01-2024,North,Laptop,27,283.17
07-01-2024,North,Smartphone,91,754.14
07-01-2024,North,Headphones,44,995.34
07-01-2024,North,Tablet,50,305.09
07-01-2024,North,Smartwatch,77,394.01
07-01-2024,South,Laptop,30,309.29
07-01-2024,South,Smartphone,17,1281.37
07-01-2024,South,Headphones,26,496.69
07-01-2024,South,Tablet,57,185.83
07-01-2024,South,Smartwatch,95,434.54
07-01-2024,East,Laptop,39,1460.87
07-01-2024,East,Smartphone,60,1343.47
07-01-2024,East,Headphones,36,679.87
07-01-2024,East,Tablet,30,778.82
07-01-2024,East,Smartwatch,37,1019.94
07-01-2024,West,Laptop,78,383.77
07-01-2024,West,Smartphone,57,457.12
07-01-2024,West,Headphones,44,1164.4
07-01-2024,West,Tablet,26,1492.1
07-01-2024,West,Smartwatch,39,1433.2
08-01-2024,North,Laptop,15,586.73
08-01-2024,North,Smartphone,46,1396.06
08-01-2024,North,Headphones,55,1451.65
08-01-2024,North,Tablet,69,1286.86
08-01-2024,North,Smartwatch,72,493.26
08-01-2024,South,Laptop,41,1284.15
08-01-2024,South,Smartphone,76,295.76
08-01-2024,South,Headphones,34,622.3
08-01-2024,South,Tablet,63,1059.24
08-01-2024,South,Smartwatch,55,190.91
08-01-2024,East,Laptop,41,1023.16
08-01-2024,East,Smartphone,32,253.12
08-01-2024,East,Headphones,36,478.17
08-01-2024,East,Tablet,99,1124.11
08-01-2024,East,Smartwatch,42,248.1
08-01-2024,West,Laptop,57,851.59
08-01-2024,West,Smartphone,51,1223.57
08-01-2024,West,Headphones,59,1307.25
08-01-2024,West,Tablet,22,168.31
08-01-2024,West,Smartwatch,16,777.2
09-01-2024,North,Laptop,54,331.7
09-01-2024,North,Smartphone,17,1067.85
09-01-2024,North,Headphones,25,123.61
09-01-2024,North,Tablet,96,90.04
09-01-2024,North,Smartwatch,75,685.79
09-01-2024,South,Laptop,72,102.12
09-01-2024,South,Smartphone,34,274.81
09-01-2024,South,Headphones,71,465.48
09-01-2024,South,Tablet,67,1297.59
09-01-2024,South,Smartwatch,58,104.15
09-01-2024,East,Laptop,79,489.73
09-01-2024,East,Smartphone,69,523.64
09-01-2024,East,Headphones,17,1166.49
09-01-2024,East,Tablet,14,713.03
09-01-2024,East,Smartwatch,15,124.94
09-01-2024,West,Laptop,56,1064.29
09-01-2024,West,Smartphone,49,1102.83
09-01-2024,West,Headphones,22,1455.83
09-01-2024,West,Tablet,39,109.55
09-01-2024,West,Smartwatch,72,678.61
10-01-2024,North,Laptop,67,163.76
10-01-2024,North,Smartphone,99,1445.84
10-01-2024,North,Headphones,32,671.06
10-01-2024,North,Tablet,21,642.98
10-01-2024,North,Smartwatch,67,1377.06
10-01-2024,South,Laptop,43,397.69
10-01-2024,South,Smartphone,57,315.16
10-01-2024,South,Headphones,10,1434.55
10-01-2024,South,Tablet,73,853.81
10-01-2024,South,Smartwatch,31,1108.56
10-01-2024,East,Laptop,76,409.21
10-01-2024,East,Smartphone,25,280.04
10-01-2024,East,Headphones,95,70.87
10-01-2024,East,Tablet,87,183.11
10-01-2024,East,Smartwatch,56,109.06
10-01-2024,West,Laptop,71,1070.3
10-01-2024,West,Smartphone,85,74.88
10-01-2024,West,Headphones,99,762.84
10-01-2024,West,Tablet,48,552.14
10-01-2024,West,Smartwatch,32,119.69
11-01-2024,North,Laptop,78,1335.69
11-01-2024,North,Smartphone,61,593.19
11-01-2024,North,Headphones,28,779.55
11-01-2024,North,Tablet,10,832.1
11-01-2024,North,Smartwatch,13,942.98
11-01-2024,South,Laptop,89,981.51
11-01-2024,South,Smartphone,41,1413.33
11-01-2024,South,Headphones,33,1031.89
11-01-2024,South,Tablet,44,982.77
11-01-2024,South,Smartwatch,42,1226.25
11-01-2024,East,Laptop,52,1415.12
11-01-2024,East,Smartphone,76,1239.62
11-01-2024,East,Headphones,49,1362.76
11-01-2024,East,Tablet,53,447.24
11-01-2024,East,Smartwatch,21,196.13
11-01-2024,West,Laptop,11,106.5
11-01-2024,West,Smartphone,44,538
11-01-2024,West,Headphones,99,512.51
11-01-2024,West,Tablet,35,1038.34
11-01-2024,West,Smartwatch,43,428.01
12-01-2024,North,Laptop,16,221.34
12-01-2024,North,Smartphone,84,1322.33
12-01-2024,North,Headphones,45,656.02
12-01-2024,North,Tablet,45,307.29
12-01-2024,North,Smartwatch,82,874.35
12-01-2024,South,Laptop,58,1110.89
12-01-2024,South,Smartphone,45,589.43
12-01-2024,South,Headphones,33,1307.32
12-01-2024,South,Tablet,46,395.97
12-01-2024,South,Smartwatch,64,1138.76
12-01-2024,East,Laptop,98,395.44
12-01-2024,East,Smartphone,39,1358.7
12-01-2024,East,Headphones,71,770.01
12-01-2024,East,Tablet,98,514.07
12-01-2024,East,Smartwatch,68,194.98
12-01-2024,West,Laptop,21,1439.89
12-01-2024,West,Smartphone,28,182.37
12-01-2024,West,Headphones,80,1437.36
12-01-2024,West,Tablet,61,881.48
12-01-2024,West,Smartwatch,25,700.25
13-01-2024,North,Laptop,21,526.56
13-01-2024,North,Smartphone,94,1140.94
13-01-2024,North,Headphones,32,1182.88
13-01-2024,North,Tablet,48,182.25
13-01-2024,North,Smartwatch,51,1462.66
13-01-2024,South,Laptop,23,846.82
13-01-2024,South,Smartphone,14,1118.7
13-01-2024,South,Headphones,84,219.75
13-01-2024,South,Tablet,85,1047.64
13-01-2024,South,Smartwatch,67,946.42
13-01-2024,East,Laptop,16,667.83
13-01-2024,East,Smartphone,49,155.51
13-01-2024,East,Headphones,59,1343.25
13-01-2024,East,Tablet,75,167.96
13-01-2024,East,Smartwatch,46,388.18
13-01-2024,West,Laptop,17,592.69
13-01-2024,West,Smartphone,74,1326.52
13-01-2024,West,Headphones,26,1423.51
13-01-2024,West,Tablet,98,908.24
13-01-2024,West,Smartwatch,45,595.58
14-01-2024,North,Laptop,40,748.42
14-01-2024,North,Smartphone,63,1072.37
14-01-2024,North,Headphones,83,1364.21
14-01-2024,North,Tablet,48,679.96
14-01-2024,North,Smartwatch,54,66.46
14-01-2024,South,Laptop,67,1124.41
14-01-2024,South,Smartphone,81,220.41
14-01-2024,South,Headphones,48,1131.77
14-01-2024,South,Tablet,86,394.38
14-01-2024,South,Smartwatch,72,742.69
14-01-2024,East,Laptop,34,1309.47
14-01-2024,East,Smartphone,47,682.69
14-01-2024,East,Headphones,67,67.62
14-01-2024,East,Tablet,41,856.21
14-01-2024,East,Smartwatch,56,1342.16
14-01-2024,West,Laptop,94,1489.8
14-01-2024,West,Smartphone,45,853.09
14-01-2024,West,Headphones,29,159.38
14-01-2024,West,Tablet,56,962.63
14-01-2024,West,Smartwatch,23,477.02
15-01-2024,North,Laptop,10,959.96
15-01-2024,North,Smartphone,12,1356.68
15-01-2024,North,Headphones,66,1377.12
15-01-2024,North,Tablet,83,1428.1
15-01-2024,North,Smartwatch,81,622.06
15-01-2024,South,Laptop,33,949.19
15-01-2024,South,Smartphone,17,296.04
15-01-2024,South,Headphones,45,722.36
15-01-2024,South,Tablet,67,382.62
15-01-2024,South,Smartwatch,37,162.72
15-01-2024,East,Laptop,50,426.93
15-01-2024,East,Smartphone,36,1062.33
15-01-2024,East,Headphones,26,455.66
15-01-2024,East,Tablet,93,924.03
15-01-2024,East,Smartwatch,38,243.12
15-01-2024,West,Laptop,44,1242.68
15-01-2024,West,Smartphone,91,654.13
15-01-2024,West,Headphones,78,939.45
15-01-2024,West,Tablet,75,169.99
15-01-2024,West,Smartwatch,39,1305.79
16-01-2024,North,Laptop,14,88.23
16-01-2024,North,Smartphone,42,1177.52
16-01-2024,North,Headphones,27,1481.55
16-01-2024,North,Tablet,58,596.27
16-01-2024,North,Smartwatch,35,602.29
16-01-2024,South,Laptop,95,1252.29
16-01-2024,South,Smartphone,58,1265.58
16-01-2024,South,Headphones,10,69.82
16-01-2024,South,Tablet,64,1303.85
16-01-2024,South,Smartwatch,90,824.8
16-01-2024,East,Laptop,14,1495.12
16-01-2024,East,Smartphone,62,898.47
16-01-2024,East,Headphones,62,1419.91
16-01-2024,East,Tablet,83,597.88
16-01-2024,East,Smartwatch,94,703.29
16-01-2024,West,Laptop,10,1433.37
16-01-2024,West,Smartphone,86,350.48
16-01-2024,West,Headphones,74,1023.97
16-01-2024,West,Tablet,41,118
16-01-2024,West,Smartwatch,81,82.17
17-01-2024,North,Laptop,43,740.51
17-01-2024,North,Smartphone,12,804.24
17-01-2024,North,Headphones,21,1233.76
17-01-2024,North,Tablet,14,178.19
17-01-2024,North,Smartwatch,66,905.44
17-01-2024,South,Laptop,56,659.78
17-01-2024,South,Smartphone,94,977.07
17-01-2024,South,Headphones,84,358.8
17-01-2024,South,Tablet,47,945.03
17-01-2024,South,Smartwatch,47,931.73
17-01-2024,East,Laptop,91,618.75
17-01-2024,East,Smartphone,60,1361.03
17-01-2024,East,Headphones,61,843.8
17-01-2024,East,Tablet,97,1370.18
17-01-2024,East,Smartwatch,39,952.03
17-01-2024,West,Laptop,60,1061.58
17-01-2024,West,Smartphone,38,263.26
17-01-2024,West,Headphones,65,1271.03
17-01-2024,West,Tablet,26,424.45
17-01-2024,West,Smartwatch,97,116.5
18-01-2024,North,Laptop,15,764.3
18-01-2024,North,Smartphone,86,353.24
18-01-2024,North,Headphones,52,398.21
18-01-2024,North,Tablet,32,235.67
18-01-2024,North,Smartwatch,84,251.3
18-01-2024,South,Laptop,17,311.1
18-01-2024,South,Smartphone,13,551.22
18-01-2024,South,Headphones,76,1317.76
18-01-2024,South,Tablet,36,1017.96
18-01-2024,South,Smartwatch,59,922.81
18-01-2024,East,Laptop,60,109.26
18-01-2024,East,Smartphone,14,550.37
18-01-2024,East,Headphones,51,306.67
18-01-2024,East,Tablet,30,845.64
18-01-2024,East,Smartwatch,14,718.13
18-01-2024,West,Laptop,99,1346.62
18-01-2024,West,Smartphone,58,779.96
18-01-2024,West,Headphones,54,516.3
18-01-2024,West,Tablet,35,1209.15
18-01-2024,West,Smartwatch,95,168.55
19-01-2024,North,Laptop,72,597.06
19-01-2024,North,Smartphone,90,451.47
19-01-2024,North,Headphones,10,172.55
19-01-2024,North,Tablet,61,353.56
19-01-2024,North,Smartwatch,65,752.56
19-01-2024,South,Laptop,99,1151.94
19-01-2024,South,Smartphone,87,720.68
19-01-2024,South,Headphones,35,103.19
19-01-2024,South,Tablet,65,243.02
19-01-2024,South,Smartwatch,12,1348.05
19-01-2024,East,Laptop,27,698.75
19-01-2024,East,Smartphone,24,202.06
19-01-2024,East,Headphones,37,79.1
19-01-2024,East,Tablet,66,1269.03
19-01-2024,East,Smartwatch,95,524.87
19-01-2024,West,Laptop,53,388.16
19-01-2024,West,Smartphone,22,910.71
19-01-2024,West,Headphones,77,564.9
19-01-2024,West,Tablet,27,176.03
19-01-2024,West,Smartwatch,95,900.92
20-01-2024,North,Laptop,17,900.48
20-01-2024,North,Smartphone,92,599.22
20-01-2024,North,Headphones,15,1354.49
20-01-2024,North,Tablet,73,877.63
20-01-2024,North,Smartwatch,65,772.46
20-01-2024,South,Laptop,79,928.37
20-01-2024,South,Smartphone,42,60.92
20-01-2024,South,Headphones,30,271.65
20-01-2024,South,Tablet,13,1283.69
20-01-2024,South,Smartwatch,71,463.39
20-01-2024,East,Laptop,33,1350.31
20-01-2024,East,Smartphone,12,810.54
20-01-2024,East,Headphones,49,1060.59
20-01-2024,East,Tablet,33,212.46
20-01-2024,East,Smartwatch,75,885.2
20-01-2024,West,Laptop,84,1304.99
20-01-2024,West,Smartphone,15,1463.85
20-01-2024,West,Headphones,60,1240.25
20-01-2024,West,Tablet,75,857.31
20-01-2024,West,Smartwatch,17,741.1
21-01-2024,North,Laptop,54,1165.76
21-01-2024,North,Smartphone,79,1453.59
21-01-2024,North,Headphones,77,666.88
21-01-2024,North,Tablet,29,401.49
21-01-2024,North,Smartwatch,56,1075.48
21-01-2024,South,Laptop,23,468.51
21-01-2024,South,Smartphone,46,783.85
21-01-2024,South,Headphones,86,822.25
21-01-2024,South,Tablet,42,585.38
21-01-2024,South,Smartwatch,19,845.47
21-01-2024,East,Laptop,19,1485.44
21-01-2024,East,Smartphone,22,1042.63
21-01-2024,East,Headphones,93,419.23
21-01-2024,East,Tablet,82,1152.33
21-01-2024,East,Smartwatch,84,736.09
21-01-2024,West,Laptop,47,647.17
21-01-2024,West,Smartphone,58,1283.55
21-01-2024,West,Headphones,69,1449.29
21-01-2024,West,Tablet,87,1402.76
21-01-2024,West,Smartwatch,84,1410.59
22-01-2024,North,Laptop,85,599.88
22-01-2024,North,Smartphone,10,1124.62
22-01-2024,North,Headphones,31,119.74
22-01-2024,North,Tablet,81,1250.51
22-01-2024,North,Smartwatch,23,1209.33
22-01-2024,South,Laptop,44,288.19
22-01-2024,South,Smartphone,14,391.75
22-01-2024,South,Headphones,87,808.44
22-01-2024,South,Tablet,13,508.49
22-01-2024,South,Smartwatch,51,619.05
22-01-2024,East,Laptop,49,705.33
22-01-2024,East,Smartphone,23,1354.52
22-01-2024,East,Headphones,47,832.68
22-01-2024,East,Tablet,72,778.94
22-01-2024,East,Smartwatch,34,565.28
22-01-2024,West,Laptop,75,838.15
22-01-2024,West,Smartphone,60,837.13
22-01-2024,West,Headphones,79,1412.76
22-01-2024,West,Tablet,16,1109.3
22-01-2024,West,Smartwatch,51,251.94
23-01-2024,North,Laptop,24,1324.01
23-01-2024,North,Smartphone,42,823.52
23-01-2024,North,Headphones,36,1193.47
23-01-2024,North,Tablet,47,1140.98
23-01-2024,North,Smartwatch,36,1128.72
23-01-2024,South,Laptop,77,876.34
23-01-2024,South,Smartphone,19,766.27
23-01-2024,South,Headphones,83,546.02
23-01-2024,South,Tablet,47,827.9
23-01-2024,South,Smartwatch,56,1277.36
23-01-2024,East,Laptop,97,925.74
23-01-2024,East,Smartphone,24,1206.08
23-01-2024,East,Headphones,14,755.22
23-01-2024,East,Tablet,77,1097.27
23-01-2024,East,Smartwatch,11,67.69
23-01-2024,West,Laptop,45,836.95
23-01-2024,West,Smartphone,52,918.59
23-01-2024,West,Headphones,29,313.32
23-01-2024,West,Tablet,83,546.66
23-01-2024,West,Smartwatch,15,631.23
24-01-2024,North,Laptop,56,467.5
24-01-2024,North,Smartphone,21,1372.19
24-01-2024,North,Headphones,71,196.15
24-01-2024,North,Tablet,69,909.8
24-01-2024,North,Smartwatch,77,1195.62
24-01-2024,South,Laptop,46,1075.5
24-01-2024,South,Smartphone,40,929.74
24-01-2024,South,Headphones,60,1117.84
24-01-2024,South,Tablet,49,1268.64
24-01-2024,South,Smartwatch,20,703.72
24-01-2024,East,Laptop,55,392.06
24-01-2024,East,Smartphone,99,1266.4
24-01-2024,East,Headphones,63,1264.36
24-01-2024,East,Tablet,10,1311.35
24-01-2024,East,Smartwatch,64,379.72
24-01-2024,West,Laptop,24,628.55
24-01-2024,West,Smartphone,82,1129.16
24-01-2024,West,Headphones,83,1214.14
24-01-2024,West,Tablet,35,533.57
24-01-2024,West,Smartwatch,72,651.03
25-01-2024,North,Laptop,99,1383.79
25-01-2024,North,Smartphone,11,725.27
25-01-2024,North,Headphones,43,1381.76
25-01-2024,North,Tablet,52,97.63
25-01-2024,North,Smartwatch,60,409.93
25-01-2024,South,Laptop,34,772.63
25-01-2024,South,Smartphone,79,99.12
25-01-2024,South,Headphones,42,575.47
25-01-2024,South,Tablet,72,452.5
25-01-2024,South,Smartwatch,35,68.99
25-01-2024,East,Laptop,94,797
25-01-2024,East,Smartphone,90,1443.55
25-01-2024,East,Headphones,58,858.09
25-01-2024,East,Tablet,95,173.76
25-01-2024,East,Smartwatch,70,317.47
25-01-2024,West,Laptop,80,913.31
25-01-2024,West,Smartphone,22,626.11
25-01-2024,West,Headphones,60,354.36
25-01-2024,West,Tablet,92,556.61
25-01-2024,West,Smartwatch,39,326.5
26-01-2024,North,Laptop,54,597.7
26-01-2024,North,Smartphone,25,869.02
26-01-2024,North,Headphones,27,476.36
26-01-2024,North,Tablet,56,815.09
26-01-2024,North,Smartwatch,47,1159.77
26-01-2024,South,Laptop,13,313.8
26-01-2024,South,Smartphone,38,159.48
26-01-2024,South,Headphones,12,591.3
26-01-2024,South,Tablet,83,1351.27
26-01-2024,South,Smartwatch,43,642.66
26-01-2024,East,Laptop,96,1469.45
26-01-2024,East,Smartphone,41,1088.16
26-01-2024,East,Headphones,17,89.29
26-01-2024,East,Tablet,76,385.06
26-01-2024,East,Smartwatch,68,782.99
26-01-2024,West,Laptop,81,200.96
26-01-2024,West,Smartphone,76,1336.82
26-01-2024,West,Headphones,17,194.19
26-01-2024,West,Tablet,97,1097.29
26-01-2024,West,Smartwatch,55,1253.82
27-01-2024,North,Laptop,77,1419.39
27-01-2024,North,Smartphone,63,347.23
27-01-2024,North,Headphones,64,1349.69
27-01-2024,North,Tablet,16,968.2
27-01-2024,North,Smartwatch,42,351.44
27-01-2024,South,Laptop,28,228.03
27-01-2024,South,Smartphone,28,895.41
27-01-2024,South,Headphones,69,1070.72
27-01-2024,South,Tablet,10,1235.29
27-01-2024,South,Smartwatch,29,537.01
27-01-2024,East,Laptop,11,576.44
27-01-2024,East,Smartphone,21,1254.45
27-01-2024,East,Headphones,46,643.65
27-01-2024,East,Tablet,18,682.38
27-01-2024,East,Smartwatch,53,368.29
27-01-2024,West,Laptop,95,1180.65
27-01-2024,West,Smartphone,90,1309.28
27-01-2024,West,Headphones,68,1347.1
27-01-2024,West,Tablet,90,752.93
27-01-2024,West,Smartwatch,90,439.58
28-01-2024,North,Laptop,49,1063.33
28-01-2024,North,Smartphone,34,423.94
28-01-2024,North,Headphones,31,1260.65
28-01-2024,North,Tablet,13,241.8
28-01-2024,North,Smartwatch,38,298.93
28-01-2024,South,Laptop,96,1040.62
28-01-2024,South,Smartphone,79,1375.73
28-01-2024,South,Headphones,94,1231.83
28-01-2024,South,Tablet,50,447.38
28-01-2024,South,Smartwatch,26,637.61
28-01-2024,East,Laptop,85,349.31
28-01-2024,East,Smartphone,95,248.48
28-01-2024,East,Headphones,66,436.42
28-01-2024,East,Tablet,49,413.56
28-01-2024,East,Smartwatch,62,304.29
28-01-2024,West,Laptop,54,1265.26
28-01-2024,West,Smartphone,94,605.55
28-01-2024,West,Headphones,55,118.1
28-01-2024,West,Tablet,63,1120.15
28-01-2024,West,Smartwatch,60,180.99
29-01-2024,North,Laptop,35,148.96
29-01-2024,North,Smartphone,20,468.61
29-01-2024,North,Headphones,45,1092.62
29-01-2024,North,Tablet,48,935.09
29-01-2024,North,Smartwatch,63,740.27
29-01-2024,South,Laptop,33,1408.4
29-01-2024,South,Smartphone,78,751.44
29-01-2024,South,Headphones,45,832.77
29-01-2024,South,Tablet,92,912.86
29-01-2024,South,Smartwatch,90,769.73
29-01-2024,East,Laptop,82,1167.82
29-01-2024,East,Smartphone,82,158.95
29-01-2024,East,Headphones,26,648.55
29-01-2024,East,Tablet,70,1048.18
29-01-2024,East,Smartwatch,51,716.54
29-01-2024,West,Laptop,44,1237.7
29-01-2024,West,Smartphone,53,1453.16
29-01-2024,West,Headphones,21,573.41
29-01-2024,West,Tablet,53,1220.77
29-01-2024,West,Smartwatch,58,248.39
30-01-2024,North,Laptop,83,1051.31
30-01-2024,North,Smartphone,56,175.72
30-01-2024,North,Headphones,89,1315.77
30-01-2024,North,Tablet,17,976.48
30-01-2024,North,Smartwatch,90,1005.24
30-01-2024,South,Laptop,89,1281.33
30-01-2024,South,Smartphone,34,1359.88
30-01-2024,South,Headphones,21,370.75
30-01-2024,South,Tablet,35,124.81
30-01-2024,South,Smartwatch,35,107.17
30-01-2024,East,Laptop,19,902.98
30-01-2024,East,Smartphone,26,311.83
30-01-2024,East,Headphones,94,736.15
30-01-2024,East,Tablet,16,99.22
30-01-2024,East,Smartwatch,16,481.16
30-01-2024,West,Laptop,57,217.16
30-01-2024,West,Smartphone,68,1419.19
30-01-2024,West,Headphones,91,1130.34
30-01-2024,West,Tablet,48,709.96
30-01-2024,West,Smartwatch,68,1251.93
31-01-2024,North,Laptop,26,992.74
31-01-2024,North,Smartphone,33,383.51
31-01-2024,North,Headphones,69,747.54
31-01-2024,North,Tablet,12,1059.62
31-01-2024,North,Smartwatch,49,689.5
31-01-2024,South,Laptop,96,144.77
31-01-2024,South,Smartphone,24,1215.77
31-01-2024,South,Headphones,13,1196.55
31-01-2024,South,Tablet,34,1119.89
31-01-2024,South,Smartwatch,42,1334.67
31-01-2024,East,Laptop,51,1321.16
31-01-2024,East,Smartphone,75,85.38
31-01-2024,East,Headphones,51,1485.99
31-01-2024,East,Tablet,22,816.96
31-01-2024,East,Smartwatch,41,1402.26
31-01-2024,West,Laptop,48,63.75
31-01-2024,West,Smartphone,38,1162.42
31-01-2024,West,Headphones,71,745.82
31-01-2024,West,Tablet,66,892.1
31-01-2024,West,Smartwatch,19,182.96
01-02-2024,North,Laptop,93,1119.49
01-02-2024,North,Smartphone,58,210.19
01-02-2024,North,Headphones,23,480.65
01-02-2024,North,Tablet,77,1087.55
01-02-2024,North,Smartwatch,46,111.04
01-02-2024,South,Laptop,74,1369.99
01-02-2024,South,Smartphone,88,670.27
01-02-2024,South,Headphones,58,617.86
01-02-2024,South,Tablet,77,366.47
01-02-2024,South,Smartwatch,46,1190.2
01-02-2024,East,Laptop,52,903.4
01-02-2024,East,Smartphone,48,1324.72
01-02-2024,East,Headphones,55,921.16
01-02-2024,East,Tablet,71,939.45
01-02-2024,East,Smartwatch,34,1127.86
01-02-2024,West,Laptop,13,385.92
01-02-2024,West,Smartphone,29,1264.85
01-02-2024,West,Headphones,63,931.22
01-02-2024,West,Tablet,83,118.07
01-02-2024,West,Smartwatch,66,369.71
02-02-2024,North,Laptop,12,1248
02-02-2024,North,Smartphone,14,133.87
02-02-2024,North,Headphones,56,363.67
02-02-2024,North,Tablet,18,1395.24
02-02-2024,North,Smartwatch,70,427.34
02-02-2024,South,Laptop,44,1149.45
02-02-2024,South,Smartphone,71,1494.69
02-02-2024,South,Headphones,12,1232.96
02-02-2024,South,Tablet,22,374.54
02-02-2024,South,Smartwatch,98,909.76
02-02-2024,East,Laptop,23,1297.18
02-02-2024,East,Smartphone,20,1322.32
02-02-2024,East,Headphones,76,445.79
02-02-2024,East,Tablet,38,1338.68
02-02-2024,East,Smartwatch,34,1285.68
02-02-2024,West,Laptop,51,1223.8
02-02-2024,West,Smartphone,49,1400.8
02-02-2024,West,Headphones,20,176.13
02-02-2024,West,Tablet,97,416.34
02-02-2024,West,Smartwatch,47,426.64
03-02-2024,North,Laptop,14,120.74
03-02-2024,North,Smartphone,27,167.52
03-02-2024,North,Headphones,69,208.73
03-02-2024,North,Tablet,37,160.39
03-02-2024,North,Smartwatch,90,139.2
03-02-2024,South,Laptop,54,746.85
03-02-2024,South,Smartphone,67,878.41
03-02-2024,South,Headphones,49,1033.12
03-02-2024,South,Tablet,86,437.19
03-02-2024,South,Smartwatch,15,805.83
03-02-2024,East,Laptop,89,1004.76
03-02-2024,East,Smartphone,68,1307.58
03-02-2024,East,Headphones,50,534.31
03-02-2024,East,Tablet,54,1061.33
03-02-2024,East,Smartwatch,51,203.46
03-02-2024,West,Laptop,36,1141.44
03-02-2024,West,Smartphone,16,1328.37
03-02-2024,West,Headphones,54,1314.17
03-02-2024,West,Tablet,40,1247.43
03-02-2024,West,Smartwatch,19,1238.92
04-02-2024,North,Laptop,62,1128.09
04-02-2024,North,Smartphone,40,51.62
04-02-2024,North,Headphones,11,1256.59
04-02-2024,North,Tablet,21,59.26
04-02-2024,North,Smartwatch,22,944.54
04-02-2024,South,Laptop,26,217.97
04-02-2024,South,Smartphone,69,63.15
04-02-2024,South,Headphones,44,236.25
04-02-2024,South,Tablet,92,1153.49
04-02-2024,South,Smartwatch,83,676.75
04-02-2024,East,Laptop,72,618.62
04-02-2024,East,Smartphone,88,1401.44
04-02-2024,East,Headphones,31,1408.98
04-02-2024,East,Tablet,77,486.4
04-02-2024,East,Smartwatch,26,1167.93
04-02-2024,West,Laptop,26,894.15
04-02-2024,West,Smartphone,74,133.98
04-02-2024,West,Headphones,91,1313.73
04-02-2024,West,Tablet,73,1030.28
04-02-2024,West,Smartwatch,85,1137
05-02-2024,North,Laptop,61,1149.48
05-02-2024,North,Smartphone,16,145.16
05-02-2024,North,Headphones,42,519.23
05-02-2024,North,Tablet,88,1237.24
05-02-2024,North,Smartwatch,84,1040.78
05-02-2024,South,Laptop,35,280.46
05-02-2024,South,Smartphone,38,1419.24
05-02-2024,South,Headphones,22,1288.6
05-02-2024,South,Tablet,24,1202.47
05-02-2024,South,Smartwatch,38,482.64
05-02-2024,East,Laptop,41,169.45
05-02-2024,East,Smartphone,87,383.58
05-02-2024,East,Headphones,84,446.23
05-02-2024,East,Tablet,90,1446.69
05-02-2024,East,Smartwatch,65,676.89
05-02-2024,West,Laptop,30,1368.81
05-02-2024,West,Smartphone,68,1448.55
05-02-2024,West,Headphones,28,447.61
05-02-2024,West,Tablet,12,502.33
05-02-2024,West,Smartwatch,67,1346.44
06-02-2024,North,Laptop,24,1131.46
06-02-2024,North,Smartphone,44,95.14
06-02-2024,North,Headphones,34,1086.64
06-02-2024,North,Tablet,27,1303.32
06-02-2024,North,Smartwatch,89,837.69
06-02-2024,South,Laptop,69,319.01
06-02-2024,South,Smartphone,26,182.19
06-02-2024,South,Headphones,17,1167.84
06-02-2024,South,Tablet,55,819.01
06-02-2024,South,Smartwatch,80,958.02
06-02-2024,East,Laptop,73,476.54
06-02-2024,East,Smartphone,33,1385.23
06-02-2024,East,Headphones,12,318.92
06-02-2024,East,Tablet,24,748.21
06-02-2024,East,Smartwatch,87,917.57
06-02-2024,West,Laptop,93,673.94
06-02-2024,West,Smartphone,47,377.03
06-02-2024,West,Headphones,69,143.1
06-02-2024,West,Tablet,11,1206.46
06-02-2024,West,Smartwatch,20,1477.31
07-02-2024,North,Laptop,90,66.85
07-02-2024,North,Smartphone,27,1036.66
07-02-2024,North,Headphones,91,745.91
07-02-2024,North,Tablet,47,472.91
07-02-2024,North,Smartwatch,54,1147.74
07-02-2024,South,Laptop,50,107.45
07-02-2024,South,Smartphone,95,1136.28
07-02-2024,South,Headphones,50,400.97
07-02-2024,South,Tablet,55,256.62
07-02-2024,South,Smartwatch,89,749.42
07-02-2024,East,Laptop,29,551.72
07-02-2024,East,Smartphone,49,64.17
07-02-2024,East,Headphones,11,824.65
07-02-2024,East,Tablet,86,169.64
07-02-2024,East,Smartwatch,86,163.94
07-02-2024,West,Laptop,31,517.04
07-02-2024,West,Smartphone,47,872.93
07-02-2024,West,Headphones,55,1055.13
07-02-2024,West,Tablet,24,340.22
07-02-2024,West,Smartwatch,53,201.62
08-02-2024,North,Laptop,84,230.12
08-02-2024,North,Smartphone,15,912.43
08-02-2024,North,Headphones,82,125.36
08-02-2024,North,Tablet,41,483.31
08-02-2024,North,Smartwatch,85,1312.91
08-02-2024,South,Laptop,59,956.69
08-02-2024,South,Smartphone,93,542.2
08-02-2024,South,Headphones,16,1008.19
08-02-2024,South,Tablet,89,844.01
08-02-2024,South,Smartwatch,67,1186.56
08-02-2024,East,Laptop,12,109.09
08-02-2024,East,Smartphone,69,1110.8
08-02-2024,East,Headphones,84,1101
08-02-2024,East,Tablet,21,408.3
08-02-2024,East,Smartwatch,22,744.95
08-02-2024,West,Laptop,28,1465
08-02-2024,West,Smartphone,54,314.07
08-02-2024,West,Headphones,62,1005.13
08-02-2024,West,Tablet,60,284.43
08-02-2024,West,Smartwatch,79,1092.84
09-02-2024,North,Laptop,31,531.86
09-02-2024,North,Smartphone,65,1463.45
09-02-2024,North,Headphones,12,168.21
09-02-2024,North,Tablet,44,369.81
09-02-2024,North,Smartwatch,63,94.45
09-02-2024,South,Laptop,16,720.8
09-02-2024,South,Smartphone,94,1104.4
09-02-2024,South,Headphones,70,1277.06
09-02-2024,South,Tablet,46,551.61
09-02-2024,South,Smartwatch,29,782.03
09-02-2024,East,Laptop,59,1307.2
09-02-2024,East,Smartphone,45,92.62
09-02-2024,East,Headphones,75,916.7
09-02-2024,East,Tablet,45,661.5
09-02-2024,East,Smartwatch,51,1488.59
09-02-2024,West,Laptop,67,1372.93
09-02-2024,West,Smartphone,21,606.58
09-02-2024,West,Headphones,27,965.76
09-02-2024,West,Tablet,24,391.9
09-02-2024,West,Smartwatch,35,1087.95
10-02-2024,North,Laptop,96,967.18
10-02-2024,North,Smartphone,23,1458.52
10-02-2024,North,Headphones,46,1288.86
10-02-2024,North,Tablet,50,408.49
10-02-2024,North,Smartwatch,69,637.28
10-02-2024,South,Laptop,23,796.49
10-02-2024,South,Smartphone,98,1010.8
10-02-2024,South,Headphones,79,995.58
10-02-2024,South,Tablet,98,1455.65
10-02-2024,South,Smartwatch,75,1294.08
10-02-2024,East,Laptop,14,521.53
10-02-2024,East,Smartphone,49,918.14
10-02-2024,East,Headphones,45,1456.24
10-02-2024,East,Tablet,56,390.28
10-02-2024,East,Smartwatch,19,156.57
10-02-2024,West,Laptop,23,529.79
10-02-2024,West,Smartphone,19,1020.62
10-02-2024,West,Headphones,10,701.68
10-02-2024,West,Tablet,17,944.86
10-02-2024,West,Smartwatch,10,416.17
11-02-2024,North,Laptop,93,600.07
11-02-2024,North,Smartphone,46,567.26
11-02-2024,North,Headphones,85,738.21
11-02-2024,North,Tablet,53,697.23
11-02-2024,North,Smartwatch,88,859.3
11-02-2024,South,Laptop,70,99.57
11-02-2024,South,Smartphone,87,132.78
11-02-2024,South,Headphones,46,1408.08
11-02-2024,South,Tablet,38,978
11-02-2024,South,Smartwatch,44,705.69
11-02-2024,East,Laptop,68,508.43
11-02-2024,East,Smartphone,60,110.28
11-02-2024,East,Headphones,29,1480.61
11-02-2024,East,Tablet,97,1044.65
11-02-2024,East,Smartwatch,98,976.72
11-02-2024,West,Laptop,66,891.16
11-02-2024,West,Smartphone,65,797.61
11-02-2024,West,Headphones,59,546.85
11-02-2024,West,Tablet,47,252.49
11-02-2024,West,Smartwatch,54,258.14
12-02-2024,North,Laptop,59,342.69
12-02-2024,North,Smartphone,17,1456.37
12-02-2024,North,Headphones,10,1109.7
12-02-2024,North,Tablet,38,693.44
12-02-2024,North,Smartwatch,14,1446.85
12-02-2024,South,Laptop,56,1054.31
12-02-2024,South,Smartphone,64,1469.02
12-02-2024,South,Headphones,52,1040.71
12-02-2024,South,Tablet,91,945.88
12-02-2024,South,Smartwatch,17,1303.68
12-02-2024,East,Laptop,85,214.01
12-02-2024,East,Smartphone,98,1049.81
12-02-2024,East,Headphones,42,920.88
12-02-2024,East,Tablet,40,1005.38
12-02-2024,East,Smartwatch,62,1017.11
12-02-2024,West,Laptop,99,555.43
12-02-2024,West,Smartphone,75,1499.15
12-02-2024,West,Headphones,79,511.26
12-02-2024,West,Tablet,42,640.02
12-02-2024,West,Smartwatch,57,1141.02
13-02-2024,North,Laptop,86,468.59
13-02-2024,North,Smartphone,84,1323.85
13-02-2024,North,Headphones,13,1018.01
13-02-2024,North,Tablet,79,1356.99
13-02-2024,North,Smartwatch,22,1206.83
13-02-2024,South,Laptop,92,1309.91
13-02-2024,South,Smartphone,10,224.3
13-02-2024,South,Headphones,63,991.16
13-02-2024,South,Tablet,94,520.65
13-02-2024,South,Smartwatch,85,934.26
13-02-2024,East,Laptop,24,1058.43
13-02-2024,East,Smartphone,69,845.32
13-02-2024,East,Headphones,42,394.44
13-02-2024,East,Tablet,44,379.54
13-02-2024,East,Smartwatch,99,901.24
13-02-2024,West,Laptop,81,1018.91
13-02-2024,West,Smartphone,83,1151.05
13-02-2024,West,Headphones,18,600.69
13-02-2024,West,Tablet,35,1429.64
13-02-2024,West,Smartwatch,75,744.81
14-02-2024,North,Laptop,35,207.93
14-02-2024,North,Smartphone,14,628.29
14-02-2024,North,Headphones,46,406.8
14-02-2024,North,Tablet,24,621.83
14-02-2024,North,Smartwatch,96,1228.83
14-02-2024,South,Laptop,52,76.44
14-02-2024,South,Smartphone,32,674.75
14-02-2024,South,Headphones,89,988.84
14-02-2024,South,Tablet,24,403.05
14-02-2024,South,Smartwatch,84,601.11
14-02-2024,East,Laptop,77,1404.93
14-02-2024,East,Smartphone,95,332.11
14-02-2024,East,Headphones,87,754.51
14-02-2024,East,Tablet,61,1021.64
14-02-2024,East,Smartwatch,38,1214.39
14-02-2024,West,Laptop,44,892.35
14-02-2024,West,Smartphone,45,1090.57
14-02-2024,West,Headphones,11,445.3
14-02-2024,West,Tablet,13,1243.6
14-02-2024,West,Smartwatch,84,228.67
15-02-2024,North,Laptop,83,1209.68
15-02-2024,North,Smartphone,40,1078.12
15-02-2024,North,Headphones,65,1200.44
15-02-2024,North,Tablet,70,422.02
15-02-2024,North,Smartwatch,45,665.56
15-02-2024,South,Laptop,16,1232.84
15-02-2024,South,Smartphone,53,112.95
15-02-2024,South,Headphones,56,1429.53
15-02-2024,South,Tablet,31,1237.82
15-02-2024,South,Smartwatch,95,910.63
15-02-2024,East,Laptop,35,357.47
15-02-2024,East,Smartphone,19,303.42
15-02-2024,East,Headphones,51,1355.03
15-02-2024,East,Tablet,89,857.12
15-02-2024,East,Smartwatch,46,487.99
15-02-2024,West,Laptop,33,1242.79
15-02-2024,West,Smartphone,69,1023.57
15-02-2024,West,Headphones,98,188.53
15-02-2024,West,Tablet,45,267.07
15-02-2024,West,Smartwatch,64,900.58
16-02-2024,North,Laptop,56,391.09
16-02-2024,North,Smartphone,42,364.27
16-02-2024,North,Headphones,90,308.75
16-02-2024,North,Tablet,46,980.86
16-02-2024,North,Smartwatch,80,842.71
16-02-2024,South,Laptop,19,422.48
16-02-2024,South,Smartphone,86,911.99
16-02-2024,South,Headphones,34,1482.29
16-02-2024,South,Tablet,44,915.72
16-02-2024,South,Smartwatch,27,636.26
16-02-2024,East,Laptop,48,1100.55
16-02-2024,East,Smartphone,84,1487.32
16-02-2024,East,Headphones,69,1237.13
16-02-2024,East,Tablet,77,1100.29
16-02-2024,East,Smartwatch,51,1363.01
16-02-2024,West,Laptop,45,174.2
16-02-2024,West,Smartphone,45,328.21
16-02-2024,West,Headphones,17,582.09
16-02-2024,West,Tablet,79,564.74
16-02-2024,West,Smartwatch,77,691.49
17-02-2024,North,Laptop,69,148.04
17-02-2024,North,Smartphone,14,151.4
17-02-2024,North,Headphones,41,833.02
17-02-2024,North,Tablet,81,993.77
17-02-2024,North,Smartwatch,53,520.28
17-02-2024,South,Laptop,12,325.97
17-02-2024,South,Smartphone,11,1491.5
17-02-2024,South,Headphones,11,576.27
17-02-2024,South,Tablet,44,1109.44
17-02-2024,South,Smartwatch,39,533.68
17-02-2024,East,Laptop,31,865.33
17-02-2024,East,Smartphone,45,1444.42
17-02-2024,East,Headphones,40,1144.51
17-02-2024,East,Tablet,64,826.95
17-02-2024,East,Smartwatch,71,662.9
17-02-2024,West,Laptop,64,1146.44
17-02-2024,West,Smartphone,26,486.24
17-02-2024,West,Headphones,17,1203.4
17-02-2024,West,Tablet,25,604.66
17-02-2024,West,Smartwatch,32,629.01
18-02-2024,North,Laptop,14,1118.91
18-02-2024,North,Smartphone,74,1270.95
18-02-2024,North,Headphones,30,184.75
18-02-2024,North,Tablet,31,179.23
18-02-2024,North,Smartwatch,41,235.18
18-02-2024,South,Laptop,25,784.92
18-02-2024,South,Smartphone,23,220.59
18-02-2024,South,Headphones,32,431.51
18-02-2024,South,Tablet,75,602.32
18-02-2024,South,Smartwatch,11,1408.59
18-02-2024,East,Laptop,82,789.1
18-02-2024,East,Smartphone,76,625.62
18-02-2024,East,Headphones,32,1416.46
18-02-2024,East,Tablet,91,797.74
18-02-2024,East,Smartwatch,44,1190.1
18-02-2024,West,Laptop,24,1488.63
18-02-2024,West,Smartphone,21,1399.36
18-02-2024,West,Headphones,51,832.61
18-02-2024,West,Tablet,54,601.9
18-02-2024,West,Smartwatch,97,822.1
19-02-2024,North,Laptop,87,1218.59
19-02-2024,North,Smartphone,89,357.37
19-02-2024,North,Headphones,23,167.33
19-02-2024,North,Tablet,30,83.2
19-02-2024,North,Smartwatch,11,374.24
19-02-2024,South,Laptop,87,1464.63
19-02-2024,South,Smartphone,19,1242.6
19-02-2024,South,Headphones,34,745.06
19-02-2024,South,Tablet,42,1388
19-02-2024,South,Smartwatch,23,251.84
19-02-2024,East,Laptop,89,1158.97
19-02-2024,East,Smartphone,61,778.72
19-02-2024,East,Headphones,50,1246.54
19-02-2024,East,Tablet,22,582.92
19-02-2024,East,Smartwatch,17,743.44
19-02-2024,West,Laptop,77,245.99
19-02-2024,West,Smartphone,77,165.95
19-02-2024,West,Headphones,21,1450.44
19-02-2024,West,Tablet,22,1407.85
19-02-2024,West,Smartwatch,29,687.29
20-02-2024,North,Laptop,69,1284.6
20-02-2024,North,Smartphone,41,363.26
20-02-2024,North,Headphones,11,992.79
20-02-2024,North,Tablet,92,610.37
20-02-2024,North,Smartwatch,14,1182.1
20-02-2024,South,Laptop,19,357.05
20-02-2024,South,Smartphone,20,1143.67
20-02-2024,South,Headphones,40,1057.8
20-02-2024,South,Tablet,82,673.99
20-02-2024,South,Smartwatch,18,256.26
20-02-2024,East,Laptop,82,1184.91
20-02-2024,East,Smartphone,16,1053.63
20-02-2024,East,Headphones,13,968.12
20-02-2024,East,Tablet,49,1230.26
20-02-2024,East,Smartwatch,61,301.94
20-02-2024,West,Laptop,45,814.21
20-02-2024,West,Smartphone,59,239.53
20-02-2024,West,Headphones,72,702.19
20-02-2024,West,Tablet,16,811.98
20-02-2024,West,Smartwatch,95,1249.93
21-02-2024,North,Laptop,95,1447.54
21-02-2024,North,Smartphone,64,653.42
21-02-2024,North,Headphones,30,77.83
21-02-2024,North,Tablet,88,894.11
21-02-2024,North,Smartwatch,96,248.81
21-02-2024,South,Laptop,48,947.47
21-02-2024,South,Smartphone,22,67.58
21-02-2024,South,Headphones,94,338.34
21-02-2024,South,Tablet,54,111.82
21-02-2024,South,Smartwatch,90,209.12
21-02-2024,East,Laptop,69,986.83
21-02-2024,East,Smartphone,30,1274.32
21-02-2024,East,Headphones,64,266.39
21-02-2024,East,Tablet,77,1303.76
21-02-2024,East,Smartwatch,91,740.23
21-02-2024,West,Laptop,61,1296.37
21-02-2024,West,Smartphone,51,1188.27
21-02-2024,West,Headphones,22,243.06
21-02-2024,West,Tablet,73,1191.01
21-02-2024,West,Smartwatch,18,1417.11
22-02-2024,North,Laptop,11,684.52
22-02-2024,North,Smartphone,38,455.08
22-02-2024,North,Headphones,67,416.93
22-02-2024,North,Tablet,30,1246.44
22-02-2024,North,Smartwatch,43,610.21
22-02-2024,South,Laptop,95,973.17
22-02-2024,South,Smartphone,88,1339.62
22-02-2024,South,Headphones,96,801.69
22-02-2024,South,Tablet,92,203.26
22-02-2024,South,Smartwatch,53,792.72
22-02-2024,East,Laptop,17,110.43
22-02-2024,East,Smartphone,96,1088.67
22-02-2024,East,Headphones,60,153.32
22-02-2024,East,Tablet,33,101.58
22-02-2024,East,Smartwatch,29,1119.39
22-02-2024,West,Laptop,67,719.82
22-02-2024,West,Smartphone,20,1457.59
22-02-2024,West,Headphones,92,1008.99
22-02-2024,West,Tablet,37,564.52
22-02-2024,West,Smartwatch,67,192.67
23-02-2024,North,Laptop,17,434.32
23-02-2024,North,Smartphone,47,169.8
23-02-2024,North,Headphones,90,478.39
23-02-2024,North,Tablet,34,1465.19
23-02-2024,North,Smartwatch,88,348.25
23-02-2024,South,Laptop,58,420.35
23-02-2024,South,Smartphone,77,1173.22
23-02-2024,South,Headphones,50,1441.75
23-02-2024,South,Tablet,71,1348.93
23-02-2024,South,Smartwatch,19,1208.14
23-02-2024,East,Laptop,21,737.79
23-02-2024,East,Smartphone,11,922.73
23-02-2024,East,Headphones,62,1384.43
23-02-2024,East,Tablet,25,1227.07
23-02-2024,East,Smartwatch,20,113.42
23-02-2024,West,Laptop,26,1395.72
23-02-2024,West,Smartphone,64,187.77
23-02-2024,West,Headphones,68,847.63
23-02-2024,West,Tablet,98,287.34
23-02-2024,West,Smartwatch,39,1396.06
24-02-2024,North,Laptop,53,336.33
24-02-2024,North,Smartphone,55,68.44
24-02-2024,North,Headphones,30,464.56
24-02-2024,North,Tablet,41,509.54
24-02-2024,North,Smartwatch,48,1277.45
24-02-2024,South,Laptop,56,415.75
24-02-2024,South,Smartphone,22,370.54
24-02-2024,South,Headphones,17,1134.88
24-02-2024,South,Tablet,16,311.86
24-02-2024,South,Smartwatch,84,514.09
24-02-2024,East,Laptop,31,1477.77
24-02-2024,East,Smartphone,31,832.36
24-02-2024,East,Headphones,22,288.98
24-02-2024,East,Tablet,38,1043.68
24-02-2024,East,Smartwatch,61,1235.79
24-02-2024,West,Laptop,88,783.49
24-02-2024,West,Smartphone,97,546.46
24-02-2024,West,Headphones,31,836.24
24-02-2024,West,Tablet,70,1127.96
24-02-2024,West,Smartwatch,12,481.45
25-02-2024,North,Laptop,28,269.78
25-02-2024,North,Smartphone,39,1316.32
25-02-2024,North,Headphones,34,1153.63
25-02-2024,North,Tablet,17,719.26
25-02-2024,North,Smartwatch,25,1227.04
25-02-2024,South,Laptop,14,1328.1
25-02-2024,South,Smartphone,13,193.81
25-02-2024,South,Headphones,73,1210.1
25-02-2024,South,Tablet,98,854.87
25-02-2024,South,Smartwatch,55,943.18
25-02-2024,East,Laptop,36,1047.43
25-02-2024,East,Smartphone,22,831.11
25-02-2024,East,Headphones,45,57.58
25-02-2024,East,Tablet,99,1267.95
25-02-2024,East,Smartwatch,21,1131.31
25-02-2024,West,Laptop,23,1136.84
25-02-2024,West,Smartphone,62,583.51
25-02-2024,West,Headphones,84,1146.58
25-02-2024,West,Tablet,79,1321.14
25-02-2024,West,Smartwatch,67,584.05
26-02-2024,North,Laptop,13,1097
26-02-2024,North,Smartphone,33,364.95
26-02-2024,North,Headphones,35,617.71
26-02-2024,North,Tablet,94,52.73
26-02-2024,North,Smartwatch,30,92.15
26-02-2024,South,Laptop,55,565.46
26-02-2024,South,Smartphone,66,612.13
26-02-2024,South,Headphones,26,902.89
26-02-2024,South,Tablet,13,789.66
26-02-2024,South,Smartwatch,12,144.04
26-02-2024,East,Laptop,89,376.89
26-02-2024,East,Smartphone,13,126.57
26-02-2024,East,Headphones,33,1030.88
26-02-2024,East,Tablet,91,923.11
26-02-2024,East,Smartwatch,69,1246.32
26-02-2024,West,Laptop,58,972.91
26-02-2024,West,Smartphone,92,134.9
26-02-2024,West,Headphones,85,1188.1
26-02-2024,West,Tablet,40,1246.44
26-02-2024,West,Smartwatch,28,688.29
27-02-2024,North,Laptop,64,1116.48
27-02-2024,North,Smartphone,27,588.56
27-02-2024,North,Headphones,56,1497.6
27-02-2024,North,Tablet,54,301.55
27-02-2024,North,Smartwatch,79,972.46
27-02-2024,South,Laptop,56,221.59
27-02-2024,South,Smartphone,79,1487.13
27-02-2024,South,Headphones,84,1122.98
27-02-2024,South,Tablet,99,902.27
27-02-2024,South,Smartwatch,70,1470.49
27-02-2024,East,Laptop,12,87.99
27-02-2024,East,Smartphone,79,801.21
27-02-2024,East,Headphones,60,1413.98
27-02-2024,East,Tablet,51,1286.46
27-02-2024,East,Smartwatch,35,1315.46
27-02-2024,West,Laptop,73,319.85
27-02-2024,West,Smartphone,58,681.01
27-02-2024,West,Headphones,73,750.3
27-02-2024,West,Tablet,79,965.2
27-02-2024,West,Smartwatch,48,769.87
28-02-2024,North,Laptop,10,1181.31
28-02-2024,North,Smartphone,79,133.06
28-02-2024,North,Headphones,55,934.83
28-02-2024,North,Tablet,69,628.31
28-02-2024,North,Smartwatch,93,1002.58
28-02-2024,South,Laptop,45,69.43
28-02-2024,South,Smartphone,33,132.73
28-02-2024,South,Headphones,39,102.62
28-02-2024,South,Tablet,16,408.12
28-02-2024,South,Smartwatch,23,411.84
28-02-2024,East,Laptop,89,588.25
28-02-2024,East,Smartphone,98,1176.23
28-02-2024,East,Headphones,53,276.75
28-02-2024,East,Tablet,65,117.43
28-02-2024,East,Smartwatch,91,1364.33
28-02-2024,West,Laptop,66,551.58
28-02-2024,West,Smartphone,59,646.09
28-02-2024,West,Headphones,16,175.32
28-02-2024,West,Tablet,24,81.64
28-02-2024,West,Smartwatch,84,1446.92
29-02-2024,North,Laptop,24,1329.1
29-02-2024,North,Smartphone,30,125.77
29-02-2024,North,Headphones,23,1109.69
29-02-2024,North,Tablet,67,1470.35
29-02-2024,North,Smartwatch,78,998.55
29-02-2024,South,Laptop,99,327.23
29-02-2024,South,Smartphone,58,722.7
29-02-2024,South,Headphones,98,1423.2
29-02-2024,South,Tablet,21,556.78
29-02-2024,South,Smartwatch,50,81.95
29-02-2024,East,Laptop,77,656.09
29-02-2024,East,Smartphone,80,1041.44
29-02-2024,East,Headphones,42,808.92
29-02-2024,East,Tablet,70,379.74
29-02-2024,East,Smartwatch,37,1098.08
29-02-2024,West,Laptop,50,1197.96
29-02-2024,West,Smartphone,58,838.13
29-02-2024,West,Headphones,79,377.91
29-02-2024,West,Tablet,74,671.51
29-02-2024,West,Smartwatch,14,1421.26
01-03-2024,North,Laptop,66,1020.08
01-03-2024,North,Smartphone,25,647.06
01-03-2024,North,Headphones,48,840.88
01-03-2024,North,Tablet,97,1191.11
01-03-2024,North,Smartwatch,47,1219.29
01-03-2024,South,Laptop,19,1468.19
01-03-2024,South,Smartphone,72,771.02
01-03-2024,South,Headphones,41,425
01-03-2024,South,Tablet,29,840.03
01-03-2024,South,Smartwatch,77,1147.29
01-03-2024,East,Laptop,95,76.02
01-03-2024,East,Smartphone,94,1006.46
01-03-2024,East,Headphones,23,396.25
01-03-2024,East,Tablet,49,1478.24
01-03-2024,East,Smartwatch,35,859.07
01-03-2024,West,Laptop,75,144.55
01-03-2024,West,Smartphone,12,1368.37
01-03-2024,West,Headphones,51,771.83
01-03-2024,West,Tablet,15,589.3
01-03-2024,West,Smartwatch,32,1242.05
02-03-2024,North,Laptop,59,185.44
02-03-2024,North,Smartphone,78,1448.49
02-03-2024,North,Headphones,21,808.83
02-03-2024,North,Tablet,33,567.17
02-03-2024,North,Smartwatch,50,887.51
02-03-2024,South,Laptop,94,502.91
02-03-2024,South,Smartphone,18,624.16
02-03-2024,South,Headphones,57,1350.59
02-03-2024,South,Tablet,91,279.03
02-03-2024,South,Smartwatch,93,858.84
02-03-2024,East,Laptop,11,509.3
02-03-2024,East,Smartphone,12,576.5
02-03-2024,East,Headphones,36,451.51
02-03-2024,East,Tablet,49,785.22
02-03-2024,East,Smartwatch,10,98.41
02-03-2024,West,Laptop,17,1346.29
02-03-2024,West,Smartphone,57,270.55
02-03-2024,West,Headphones,13,1207.96
02-03-2024,West,Tablet,28,1329.5
02-03-2024,West,Smartwatch,21,1122.61
03-03-2024,North,Laptop,25,1483.2
03-03-2024,North,Smartphone,30,1101.52
03-03-2024,North,Headphones,43,290.63
03-03-2024,North,Tablet,68,285.24
03-03-2024,North,Smartwatch,36,1045.95
03-03-2024,South,Laptop,12,814.73
03-03-2024,South,Smartphone,34,1243.29
03-03-2024,South,Headphones,35,165.14
03-03-2024,South,Tablet,14,1461.51
03-03-2024,South,Smartwatch,18,1237.64
03-03-2024,East,Laptop,59,210.59
03-03-2024,East,Smartphone,69,505.81
03-03-2024,East,Headphones,20,1356.88
03-03-2024,East,Tablet,82,568.81
03-03-2024,East,Smartwatch,95,1250.96
03-03-2024,West,Laptop,39,301.95
03-03-2024,West,Smartphone,30,213.77
03-03-2024,West,Headphones,99,195.92
03-03-2024,West,Tablet,94,659.17
03-03-2024,West,Smartwatch,43,554.52
04-03-2024,North,Laptop,56,327.33
04-03-2024,North,Smartphone,84,994.16
04-03-2024,North,Headphones,57,887.01
04-03-2024,North,Tablet,26,1270.1
04-03-2024,North,Smartwatch,20,1273.42
04-03-2024,South,Laptop,44,95.12
04-03-2024,South,Smartphone,25,204.2
04-03-2024,South,Headphones,49,55.53
04-03-2024,South,Tablet,56,303.58
04-03-2024,South,Smartwatch,82,1000.16
04-03-2024,East,Laptop,10,1263.71
04-03-2024,East,Smartphone,96,161.76
04-03-2024,East,Headphones,76,1056.52
04-03-2024,East,Tablet,34,362.52
04-03-2024,East,Smartwatch,24,358.33
04-03-2024,West,Laptop,66,490.72
04-03-2024,West,Smartphone,55,1150.91
04-03-2024,West,Headphones,85,387.51
04-03-2024,West,Tablet,18,1193.25
04-03-2024,West,Smartwatch,86,1353.33
05-03-2024,North,Laptop,15,1022.56
05-03-2024,North,Smartphone,32,295.17
05-03-2024,North,Headphones,55,717.52
05-03-2024,North,Tablet,81,236.83
05-03-2024,North,Smartwatch,28,1466.36
05-03-2024,South,Laptop,87,744.65
05-03-2024,South,Smartphone,34,661.09
05-03-2024,South,Headphones,23,1381.21
05-03-2024,South,Tablet,96,234.81
05-03-2024,South,Smartwatch,92,1460.53
05-03-2024,East,Laptop,12,1143.24
05-03-2024,East,Smartphone,82,1267.22
05-03-2024,East,Headphones,54,1446.08
05-03-2024,East,Tablet,72,860.82
05-03-2024,East,Smartwatch,28,1315.49
05-03-2024,West,Laptop,23,366.74
05-03-2024,West,Smartphone,62,834.01
05-03-2024,West,Headphones,49,431.81
05-03-2024,West,Tablet,18,67.99
05-03-2024,West,Smartwatch,61,486.83
06-03-2024,North,Laptop,84,157.65
06-03-2024,North,Smartphone,68,1108.86
06-03-2024,North,Headphones,50,119.81
06-03-2024,North,Tablet,77,1322
06-03-2024,North,Smartwatch,11,1018.32
06-03-2024,South,Laptop,95,1343.84
06-03-2024,South,Smartphone,64,820.41
06-03-2024,South,Headphones,71,1202.14
06-03-2024,South,Tablet,39,672.31
06-03-2024,South,Smartwatch,20,1493.38
06-03-2024,East,Laptop,59,881.36
06-03-2024,East,Smartphone,30,142.28
06-03-2024,East,Headphones,29,369.33
06-03-2024,East,Tablet,53,216.65
06-03-2024,East,Smartwatch,82,1368.96
06-03-2024,West,Laptop,77,1309.4
06-03-2024,West,Smartphone,97,1435.95
06-03-2024,West,Headphones,17,800.3
06-03-2024,West,Tablet,56,169.2
06-03-2024,West,Smartwatch,63,680.16
07-03-2024,North,Laptop,56,249.41
07-03-2024,North,Smartphone,28,1344.16
07-03-2024,North,Headphones,31,930.28
07-03-2024,North,Tablet,60,695.61
07-03-2024,North,Smartwatch,38,977.43
07-03-2024,South,Laptop,64,792.93
07-03-2024,South,Smartphone,37,389.57
07-03-2024,South,Headphones,85,757.12
07-03-2024,South,Tablet,95,430.88
07-03-2024,South,Smartwatch,97,920.94
07-03-2024,East,Laptop,64,1476.57
07-03-2024,East,Smartphone,81,969.45
07-03-2024,East,Headphones,15,1342.65
07-03-2024,East,Tablet,91,574.69
07-03-2024,East,Smartwatch,21,925.9
07-03-2024,West,Laptop,36,253.03
07-03-2024,West,Smartphone,74,703.17
07-03-2024,West,Headphones,49,731.13
07-03-2024,West,Tablet,57,456.99
07-03-2024,West,Smartwatch,65,906.76
08-03-2024,North,Laptop,70,57.98
08-03-2024,North,Smartphone,55,121.77
08-03-2024,North,Headphones,17,103.25
08-03-2024,North,Tablet,99,721.14
08-03-2024,North,Smartwatch,58,366.84
08-03-2024,South,Laptop,63,1401.04
08-03-2024,South,Smartphone,18,1234.19
08-03-2024,South,Headphones,58,944.75
08-03-2024,South,Tablet,97,820.82
08-03-2024,South,Smartwatch,68,785.75
08-03-2024,East,Laptop,50,93.02
08-03-2024,East,Smartphone,73,1068.28
08-03-2024,East,Headphones,28,703.37
08-03-2024,East,Tablet,55,289.55
08-03-2024,East,Smartwatch,49,661.65
08-03-2024,West,Laptop,85,1329.27
08-03-2024,West,Smartphone,70,1085.35
08-03-2024,West,Headphones,21,1028.18
08-03-2024,West,Tablet,42,1244.5
08-03-2024,West,Smartwatch,78,52.27
09-03-2024,North,Laptop,55,124.15
09-03-2024,North,Smartphone,56,136.31
09-03-2024,North,Headphones,56,1313.82
09-03-2024,North,Tablet,27,216.01
09-03-2024,North,Smartwatch,42,711.54
09-03-2024,South,Laptop,91,183.81
09-03-2024,South,Smartphone,37,846.9
09-03-2024,South,Headphones,85,166.26
09-03-2024,South,Tablet,24,1137.28
09-03-2024,South,Smartwatch,11,1019.43
09-03-2024,East,Laptop,83,574.78
09-03-2024,East,Smartphone,84,918.1
09-03-2024,East,Headphones,23,972.34
09-03-2024,East,Tablet,82,938.23
09-03-2024,East,Smartwatch,37,299.18
09-03-2024,West,Laptop,79,224.81
09-03-2024,West,Smartphone,11,818.49
09-03-2024,West,Headphones,12,824.25
09-03-2024,West,Tablet,49,1239.02
09-03-2024,West,Smartwatch,50,661.95
10-03-2024,North,Laptop,44,700.84
10-03-2024,North,Smartphone,64,886.94
10-03-2024,North,Headphones,99,1369.7
10-03-2024,North,Tablet,71,860.03
10-03-2024,North,Smartwatch,34,1107.3
10-03-2024,South,Laptop,47,1276.13
10-03-2024,South,Smartphone,63,1285.17
10-03-2024,South,Headphones,45,1025.8
10-03-2024,South,Tablet,82,494.15
10-03-2024,South,Smartwatch,39,697.31
10-03-2024,East,Laptop,41,1242.51
10-03-2024,East,Smartphone,37,889.94
10-03-2024,East,Headphones,50,674.93
10-03-2024,East,Tablet,84,894.19
10-03-2024,East,Smartwatch,66,89.76
10-03-2024,West,Laptop,42,812.43
10-03-2024,West,Smartphone,43,291.95
10-03-2024,West,Headphones,46,986.32
10-03-2024,West,Tablet,46,1340.64
10-03-2024,West,Smartwatch,74,1422.63
11-03-2024,North,Laptop,28,86.9
11-03-2024,North,Smartphone,69,599.42
11-03-2024,North,Headphones,44,543.88
11-03-2024,North,Tablet,20,501.27
11-03-2024,North,Smartwatch,47,1278.35
11-03-2024,South,Laptop,17,578.66
11-03-2024,South,Smartphone,65,1482.65
11-03-2024,South,Headphones,74,202.63
11-03-2024,South,Tablet,59,754.11
11-03-2024,South,Smartwatch,97,782.91
11-03-2024,East,Laptop,84,246.89
11-03-2024,East,Smartphone,35,106.54
11-03-2024,East,Headphones,73,650.52
11-03-2024,East,Tablet,60,83.86
11-03-2024,East,Smartwatch,68,263.24
11-03-2024,West,Laptop,39,238.57
11-03-2024,West,Smartphone,46,1436.08
11-03-2024,West,Headphones,44,1338.19
11-03-2024,West,Tablet,77,1492.54
11-03-2024,West,Smartwatch,82,1476.82
12-03-2024,North,Laptop,86,929.97
12-03-2024,North,Smartphone,26,608.99
12-03-2024,North,Headphones,31,835.04
12-03-2024,North,Tablet,46,742.92
12-03-2024,North,Smartwatch,22,835.47
12-03-2024,South,Laptop,95,408.02
12-03-2024,South,Smartphone,96,688.64
12-03-2024,South,Headphones,51,1248.88
12-03-2024,South,Tablet,60,306.9
12-03-2024,South,Smartwatch,94,546.55
12-03-2024,East,Laptop,30,1451.31
12-03-2024,East,Smartphone,77,553.55
12-03-2024,East,Headphones,72,251.84
12-03-2024,East,Tablet,22,958.04
12-03-2024,East,Smartwatch,20,350.6
12-03-2024,West,Laptop,26,1115.14
12-03-2024,West,Smartphone,91,953.94
12-03-2024,West,Headphones,33,949.96
12-03-2024,West,Tablet,46,1109.69
12-03-2024,West,Smartwatch,17,107.22
13-03-2024,North,Laptop,26,1080.78
13-03-2024,North,Smartphone,28,241.94
13-03-2024,North,Headphones,20,562.52
13-03-2024,North,Tablet,56,1311.46
13-03-2024,North,Smartwatch,30,1131.5
13-03-2024,South,Laptop,14,1201.61
13-03-2024,South,Smartphone,29,726.83
13-03-2024,South,Headphones,21,1455.93
13-03-2024,South,Tablet,28,793.71
13-03-2024,South,Smartwatch,61,1302.14
13-03-2024,East,Laptop,64,594.23
13-03-2024,East,Smartphone,84,344.67
13-03-2024,East,Headphones,97,689.77
13-03-2024,East,Tablet,36,791.35
13-03-2024,East,Smartwatch,90,1305.09
13-03-2024,West,Laptop,87,711.17
13-03-2024,West,Smartphone,60,923.07
13-03-2024,West,Headphones,13,1219.55
13-03-2024,West,Tablet,44,340.69
13-03-2024,West,Smartwatch,82,136.23
14-03-2024,North,Laptop,54,686.77
14-03-2024,North,Smartphone,81,140.56
14-03-2024,North,Headphones,47,421.27
14-03-2024,North,Tablet,78,790.13
14-03-2024,North,Smartwatch,70,1393.25
14-03-2024,South,Laptop,89,1155.76
14-03-2024,South,Smartphone,31,1047.2
14-03-2024,South,Headphones,52,1314.47
14-03-2024,South,Tablet,19,244.93
14-03-2024,South,Smartwatch,30,570.14
14-03-2024,East,Laptop,75,533.44
14-03-2024,East,Smartphone,44,355.52
14-03-2024,East,Headphones,66,1200.42
14-03-2024,East,Tablet,44,1496.84
14-03-2024,East,Smartwatch,17,1492.24
14-03-2024,West,Laptop,80,53.36
14-03-2024,West,Smartphone,76,1119.91
14-03-2024,West,Headphones,34,967.71
14-03-2024,West,Tablet,24,257.13
14-03-2024,West,Smartwatch,17,1164.94
15-03-2024,North,Laptop,82,1160.87
15-03-2024,North,Smartphone,45,1065.05
15-03-2024,North,Headphones,72,178.48
15-03-2024,North,Tablet,18,1098.57
15-03-2024,North,Smartwatch,87,640.94
15-03-2024,South,Laptop,39,85.52
15-03-2024,South,Smartphone,84,555.79
15-03-2024,South,Headphones,12,966.53
15-03-2024,South,Tablet,86,1424.15
15-03-2024,South,Smartwatch,43,58.83
15-03-2024,East,Laptop,92,807.74
15-03-2024,East,Smartphone,25,1038.54
15-03-2024,East,Headphones,26,775.91
15-03-2024,East,Tablet,25,743.48
15-03-2024,East,Smartwatch,75,155.71
15-03-2024,West,Laptop,22,1016.94
15-03-2024,West,Smartphone,40,386.96
15-03-2024,West,Headphones,48,631.89
15-03-2024,West,Tablet,96,1397.38
15-03-2024,West,Smartwatch,64,1363.86
16-03-2024,North,Laptop,62,1271.23
16-03-2024,North,Smartphone,26,978.69
16-03-2024,North,Headphones,62,98.82
16-03-2024,North,Tablet,28,568.83
16-03-2024,North,Smartwatch,66,1151.44
16-03-2024,South,Laptop,40,1338.56
16-03-2024,South,Smartphone,32,1307.05
16-03-2024,South,Headphones,83,899.5
16-03-2024,South,Tablet,81,854.25
16-03-2024,South,Smartwatch,29,1039.79
16-03-2024,East,Laptop,23,721.6
16-03-2024,East,Smartphone,62,1215.74
16-03-2024,East,Headphones,31,866.77
16-03-2024,East,Tablet,13,257.17
16-03-2024,East,Smartwatch,96,1094.95
16-03-2024,West,Laptop,21,770.21
16-03-2024,West,Smartphone,87,1328.89
16-03-2024,West,Headphones,84,443.74
16-03-2024,West,Tablet,58,510.5
16-03-2024,West,Smartwatch,35,1086.81
17-03-2024,North,Laptop,95,1075.12
17-03-2024,North,Smartphone,96,895.74
17-03-2024,North,Headphones,17,55.54
17-03-2024,North,Tablet,78,1413.65
17-03-2024,North,Smartwatch,73,508.59
17-03-2024,South,Laptop,20,1248.74
17-03-2024,South,Smartphone,28,869.23
17-03-2024,South,Headphones,43,504.35
17-03-2024,South,Tablet,91,1343.21
17-03-2024,South,Smartwatch,22,662.46
17-03-2024,East,Laptop,79,597.11
17-03-2024,East,Smartphone,85,1028.95
17-03-2024,East,Headphones,26,1046.18
17-03-2024,East,Tablet,99,868.71
17-03-2024,East,Smartwatch,69,967.43
17-03-2024,West,Laptop,64,56.33
17-03-2024,West,Smartphone,32,418.64
17-03-2024,West,Headphones,22,315.07
17-03-2024,West,Tablet,33,1153.5
17-03-2024,West,Smartwatch,26,1030.36
18-03-2024,North,Laptop,34,482.18
18-03-2024,North,Smartphone,30,739.34
18-03-2024,North,Headphones,92,984.02
18-03-2024,North,Tablet,51,201.97
18-03-2024,North,Smartwatch,57,608.42
18-03-2024,South,Laptop,50,740.15
18-03-2024,South,Smartphone,27,969.92
18-03-2024,South,Headphones,80,1162.97
18-03-2024,South,Tablet,91,850.5
18-03-2024,South,Smartwatch,40,1093.5
18-03-2024,East,Laptop,18,1003.16
18-03-2024,East,Smartphone,84,1109.22
18-03-2024,East,Headphones,95,362.82
18-03-2024,East,Tablet,96,931.24
18-03-2024,East,Smartwatch,43,622.36
18-03-2024,West,Laptop,17,994.88
18-03-2024,West,Smartphone,27,1118.79
18-03-2024,West,Headphones,79,985.01
18-03-2024,West,Tablet,30,1039.18
18-03-2024,West,Smartwatch,63,338.86
19-03-2024,North,Laptop,30,466.74
19-03-2024,North,Smartphone,22,134.23
19-03-2024,North,Headphones,63,798
19-03-2024,North,Tablet,53,194.81
19-03-2024,North,Smartwatch,83,71.31
19-03-2024,South,Laptop,46,1371.05
19-03-2024,South,Smartphone,11,78.03
19-03-2024,South,Headphones,23,649.78
19-03-2024,South,Tablet,34,1117.49
19-03-2024,South,Smartwatch,26,1363.8
19-03-2024,East,Laptop,33,1101.04
19-03-2024,East,Smartphone,34,1447.07
19-03-2024,East,Headphones,69,626.59
19-03-2024,East,Tablet,74,502.2
19-03-2024,East,Smartwatch,37,437.52
19-03-2024,West,Laptop,90,805.88
19-03-2024,West,Smartphone,67,1292.84
19-03-2024,West,Headphones,62,160.76
19-03-2024,West,Tablet,56,1220.38
19-03-2024,West,Smartwatch,43,313.52
20-03-2024,North,Laptop,16,75.45
20-03-2024,North,Smartphone,34,1171.06
20-03-2024,North,Headphones,67,373.73
20-03-2024,North,Tablet,66,589.02
20-03-2024,North,Smartwatch,25,873.73
20-03-2024,South,Laptop,86,1462.58
20-03-2024,South,Smartphone,60,84.21
20-03-2024,South,Headphones,84,1253.16
20-03-2024,South,Tablet,96,1181.55
20-03-2024,South,Smartwatch,81,350.29
20-03-2024,East,Laptop,68,489.23
20-03-2024,East,Smartphone,76,1079.7
20-03-2024,East,Headphones,38,407.58
20-03-2024,East,Tablet,37,736.43
20-03-2024,East,Smartwatch,96,1023.88
20-03-2024,West,Laptop,13,1438.8
20-03-2024,West,Smartphone,18,396.78
20-03-2024,West,Headphones,65,1487.43
20-03-2024,West,Tablet,59,984.66
20-03-2024,West,Smartwatch,41,159.63
21-03-2024,North,Laptop,26,376.8
21-03-2024,North,Smartphone,80,254.16
21-03-2024,North,Headphones,35,1278.43
21-03-2024,North,Tablet,54,450.54
21-03-2024,North,Smartwatch,86,1226.13
21-03-2024,South,Laptop,77,612.84
21-03-2024,South,Smartphone,37,982.09
21-03-2024,South,Headphones,74,550.53
21-03-2024,South,Tablet,61,539.14
21-03-2024,South,Smartwatch,63,731.48
21-03-2024,East,Laptop,56,137.91
21-03-2024,East,Smartphone,55,140.19
21-03-2024,East,Headphones,14,771.1
21-03-2024,East,Tablet,84,114.62
21-03-2024,East,Smartwatch,42,1439
21-03-2024,West,Laptop,36,1153.58
21-03-2024,West,Smartphone,70,1426.15
21-03-2024,West,Headphones,55,160.55
21-03-2024,West,Tablet,47,1396.56
21-03-2024,West,Smartwatch,71,716.51
22-03-2024,North,Laptop,83,311.45
22-03-2024,North,Smartphone,12,290.34
22-03-2024,North,Headphones,17,353.32
22-03-2024,North,Tablet,42,248.65
22-03-2024,North,Smartwatch,84,1200.06
22-03-2024,South,Laptop,20,618.19
22-03-2024,South,Smartphone,79,207.9
22-03-2024,South,Headphones,77,1429.57
22-03-2024,South,Tablet,57,639.68
22-03-2024,South,Smartwatch,68,1472.66
22-03-2024,East,Laptop,85,426.34
22-03-2024,East,Smartphone,98,1383.11
22-03-2024,East,Headphones,96,155.97
22-03-2024,East,Tablet,91,1472.71
22-03-2024,East,Smartwatch,13,1252.62
22-03-2024,West,Laptop,38,1366.45
22-03-2024,West,Smartphone,26,1442.2
22-03-2024,West,Headphones,89,1467.1
22-03-2024,West,Tablet,17,284.42
22-03-2024,West,Smartwatch,17,1170.98
23-03-2024,North,Laptop,74,714.44
23-03-2024,North,Smartphone,90,285.91
23-03-2024,North,Headphones,97,1157.19
23-03-2024,North,Tablet,95,924.44
23-03-2024,North,Smartwatch,46,63.11
23-03-2024,South,Laptop,37,381.58
23-03-2024,South,Smartphone,52,116.78
23-03-2024,South,Headphones,51,516.42
23-03-2024,South,Tablet,75,796.29
23-03-2024,South,Smartwatch,57,188.33
23-03-2024,East,Laptop,36,92.3
23-03-2024,East,Smartphone,76,1347.23
23-03-2024,East,Headphones,54,221.83
23-03-2024,East,Tablet,18,273.02
23-03-2024,East,Smartwatch,36,1434.53
23-03-2024,West,Laptop,10,115.12
23-03-2024,West,Smartphone,80,589
23-03-2024,West,Headphones,93,181.55
23-03-2024,West,Tablet,44,133.67
23-03-2024,West,Smartwatch,99,567.83
24-03-2024,North,Laptop,27,1489.04
24-03-2024,North,Smartphone,93,882.07
24-03-2024,North,Headphones,91,1002.12
24-03-2024,North,Tablet,10,327.81
24-03-2024,North,Smartwatch,29,197.62
24-03-2024,South,Laptop,19,1267.73
24-03-2024,South,Smartphone,50,106.45
24-03-2024,South,Headphones,74,304.07
24-03-2024,South,Tablet,50,1428.17
24-03-2024,South,Smartwatch,78,1092.78
24-03-2024,East,Laptop,65,891.13
24-03-2024,East,Smartphone,85,1150.23
24-03-2024,East,Headphones,28,258.53
24-03-2024,East,Tablet,80,1346.44
24-03-2024,East,Smartwatch,80,1276.48
24-03-2024,West,Laptop,14,658.2
24-03-2024,West,Smartphone,13,1243.58
24-03-2024,West,Headphones,93,771.43
24-03-2024,West,Tablet,17,319.9
24-03-2024,West,Smartwatch,28,911.01
25-03-2024,North,Laptop,55,350.26
25-03-2024,North,Smartphone,77,478.1
25-03-2024,North,Headphones,46,717
25-03-2024,North,Tablet,33,1248.78
25-03-2024,North,Smartwatch,72,531.68
25-03-2024,South,Laptop,33,561.27
25-03-2024,South,Smartphone,13,269.81
25-03-2024,South,Headphones,66,721.78
25-03-2024,South,Tablet,62,459.59
25-03-2024,South,Smartwatch,32,1399.96
25-03-2024,East,Laptop,62,1160.04
25-03-2024,East,Smartphone,66,906.13
25-03-2024,East,Headphones,69,807.64
25-03-2024,East,Tablet,66,1460.96
25-03-2024,East,Smartwatch,16,345.19
25-03-2024,West,Laptop,94,490.72
25-03-2024,West,Smartphone,12,1329.96
25-03-2024,West,Headphones,95,1107.55
25-03-2024,West,Tablet,85,375.23
25-03-2024,West,Smartwatch,45,1125.75
26-03-2024,North,Laptop,78,1150.65
26-03-2024,North,Smartphone,67,489.25
26-03-2024,North,Headphones,71,1236.14
26-03-2024,North,Tablet,36,443.59
26-03-2024,North,Smartwatch,66,587.86
26-03-2024,South,Laptop,56,1219.71
26-03-2024,South,Smartphone,48,369.71
26-03-2024,South,Headphones,31,620.13
26-03-2024,South,Tablet,30,266.92
26-03-2024,South,Smartwatch,25,163.76
26-03-2024,East,Laptop,40,1143.05
26-03-2024,East,Smartphone,41,292.62
26-03-2024,East,Headphones,18,439.83
26-03-2024,East,Tablet,19,748.71
26-03-2024,East,Smartwatch,26,922.25
26-03-2024,West,Laptop,61,966.63
26-03-2024,West,Smartphone,30,862.13
26-03-2024,West,Headphones,74,1077.31
26-03-2024,West,Tablet,60,585.46
26-03-2024,West,Smartwatch,97,280.59
27-03-2024,North,Laptop,24,1085.77
27-03-2024,North,Smartphone,79,1385.44
27-03-2024,North,Headphones,32,231.43
27-03-2024,North,Tablet,66,447.4
27-03-2024,North,Smartwatch,50,333.1
27-03-2024,South,Laptop,22,359.42
27-03-2024,South,Smartphone,93,1468.86
27-03-2024,South,Headphones,12,222.37
27-03-2024,South,Tablet,58,1104.23
27-03-2024,South,Smartwatch,56,681.22
27-03-2024,East,Laptop,73,769.58
27-03-2024,East,Smartphone,76,749.63
27-03-2024,East,Headphones,41,611.49
27-03-2024,East,Tablet,77,607.31
27-03-2024,East,Smartwatch,92,1184.15
27-03-2024,West,Laptop,44,66.56
27-03-2024,West,Smartphone,67,943.07
27-03-2024,West,Headphones,43,684.61
27-03-2024,West,Tablet,13,860.52
27-03-2024,West,Smartwatch,38,1234.84
28-03-2024,North,Laptop,58,834.07
28-03-2024,North,Smartphone,74,497.81
28-03-2024,North,Headphones,89,1300.83
28-03-2024,North,Tablet,22,1444.19
28-03-2024,North,Smartwatch,71,851.43
28-03-2024,South,Laptop,85,378.75
28-03-2024,South,Smartphone,52,1304.68
28-03-2024,South,Headphones,29,1031.87
28-03-2024,South,Tablet,53,470.57
28-03-2024,South,Smartwatch,31,1025.42
28-03-2024,East,Laptop,81,413.18
28-03-2024,East,Smartphone,65,1406.18
28-03-2024,East,Headphones,25,1473.76
28-03-2024,East,Tablet,60,67.63
28-03-2024,East,Smartwatch,89,286.08
28-03-2024,West,Laptop,21,467.07
28-03-2024,West,Smartphone,84,327.57
28-03-2024,West,Headphones,21,950.87
28-03-2024,West,Tablet,14,1112.41
28-03-2024,West,Smartwatch,87,927.98
29-03-2024,North,Laptop,68,565.99
29-03-2024,North,Smartphone,59,677.51
29-03-2024,North,Headphones,28,1032.43
29-03-2024,North,Tablet,75,347.83
29-03-2024,North,Smartwatch,48,1419.45
29-03-2024,South,Laptop,22,1188.05
29-03-2024,South,Smartphone,16,966.81
29-03-2024,South,Headphones,23,1182.44
29-03-2024,South,Tablet,63,921.6
29-03-2024,South,Smartwatch,29,452.89
29-03-2024,East,Laptop,91,1414.85
29-03-2024,East,Smartphone,66,66.65
29-03-2024,East,Headphones,71,802.12
29-03-2024,East,Tablet,26,199.53
29-03-2024,East,Smartwatch,67,214.29
29-03-2024,West,Laptop,71,855.47
29-03-2024,West,Smartphone,91,1071.6
29-03-2024,West,Headphones,50,346.44
29-03-2024,West,Tablet,58,626.54
29-03-2024,West,Smartwatch,12,347.73
30-03-2024,North,Laptop,98,1123.23
30-03-2024,North,Smartphone,11,466.82
30-03-2024,North,Headphones,83,1050.18
30-03-2024,North,Tablet,35,925.27
30-03-2024,North,Smartwatch,48,299.56
30-03-2024,South,Laptop,29,481.07
30-03-2024,South,Smartphone,63,1058.91
30-03-2024,South,Headphones,28,954.29
30-03-2024,South,Tablet,75,437.73
30-03-2024,South,Smartwatch,43,1070.5
30-03-2024,East,Laptop,15,413.79
30-03-2024,East,Smartphone,19,703.5
30-03-2024,East,Headphones,57,896.16
30-03-2024,East,Tablet,68,443.09
30-03-2024,East,Smartwatch,11,1305.84
30-03-2024,West,Laptop,74,219.75
30-03-2024,West,Smartphone,98,274.5
30-03-2024,West,Headphones,88,358.97
30-03-2024,West,Tablet,60,1330.34
30-03-2024,West,Smartwatch,31,956.55
